Vertices,Kruskal Time (s),Prim Time (s)
10,4.3058395385742186e-05,7.023811340332032e-05
50,0.0002842426300048828,0.0012567520141601562
100,0.0006640911102294922,0.005831527709960938
200,0.0027347564697265624,0.03206443786621094
300,0.007343864440917969,0.07672762870788574
400,0.013499593734741211,0.17305798530578614
500,0.02346949577331543,0.2999891757965088
750,0.04967503547668457,0.8277411460876465
1000,0.08599486351013183,1.6802343845367431
