Vertices,Kruskal Time (s),Prim Time (s)
100,0.0008529027303059896,0.0006872812906901041
200,0.0031290054321289062,0.0021666685740152993
400,0.019725561141967773,0.015275001525878906
600,0.051297505696614586,0.04521012306213379
800,0.09931063652038574,0.09120686848958333
1000,0.15644224484761557,0.14809457461039224
1500,0.3652835687001546,0.35335564613342285
2000,0.6331970691680908,0.6213909784952799
3000,1.8153746922810872,1.5160653591156006
4000,3.345684369405111,2.6601345539093018
